-- phpMyAdmin SQL Dump
-- version 5.1.0
-- https://www.phpmyadmin.net/
--
-- Host: localhost
-- Generation Time: Mar 28, 2022 at 04:25 PM
-- Server version: 10.4.18-MariaDB
-- PHP Version: 7.3.27

SET SQL_MODE = "NO_AUTO_VALUE_ON_ZERO";
START TRANSACTION;
SET time_zone = "+00:00";


/*!40101 SET @OLD_CHARACTER_SET_CLIENT=@@CHARACTER_SET_CLIENT */;
/*!40101 SET @OLD_CHARACTER_SET_RESULTS=@@CHARACTER_SET_RESULTS */;
/*!40101 SET @OLD_COLLATION_CONNECTION=@@COLLATION_CONNECTION */;
/*!40101 SET NAMES utf8mb4 */;

--
-- Database: `wizdavel`
--

-- --------------------------------------------------------

--
-- Table structure for table `products`
--

CREATE TABLE `products` (
  `id` int(11) NOT NULL,
  `name` varchar(250) NOT NULL,
  `price` double(10,2) NOT NULL DEFAULT 0.00,
  `qty` int(11) NOT NULL,
  `availability` int(11) NOT NULL,
  `date_posted` timestamp NOT NULL DEFAULT current_timestamp()
) ENGINE=InnoDB DEFAULT CHARSET=utf8mb4;

--
-- Dumping data for table `products`
--

INSERT INTO `products` (`id`, `name`, `price`, `qty`, `availability`, `date_posted`) VALUES
(5, 'Pepsi Mix', 1285.00, 2437, 1, '2022-03-28 07:03:24'),
(6, 'Coke 60cl mix', 1600.00, 253, 1, '2022-03-28 07:03:49'),
(7, 'Solo mix', 1160.00, 207, 1, '2022-03-28 07:04:07'),
(8, 'La casera', 1100.00, -19, 1, '2022-03-28 07:04:26'),
(9, 'Limca', 1200.00, 42, 1, '2022-03-28 07:04:50'),
(10, 'Predator', 1900.00, 20, 1, '2022-03-28 07:05:03'),
(11, 'Fearless', 1900.00, 139, 1, '2022-03-28 07:05:19'),
(12, 'Zero coke', 1200.00, 55, 1, '2022-03-28 07:05:34'),
(13, 'Amstel & Maltina Can', 4300.00, 628, 1, '2022-03-28 07:06:04'),
(14, 'Amstel & Maltina Pet', 1900.00, 56, 1, '2022-03-28 07:06:22'),
(15, 'Elim 75cl', 700.00, 238, 1, '2022-03-28 07:06:38'),
(16, 'Elim 50cl', 1100.00, 61, 1, '2022-03-28 07:06:56'),
(17, 'Dubic Malt', 4300.00, 25, 1, '2022-03-28 07:07:18'),
(18, '5Alive (big)', 2120.00, 9, 1, '2022-03-28 07:08:02'),
(19, '5Alive (small)', 1600.00, 37, 1, '2022-03-28 07:08:21'),
(20, 'Climax Pet', 2550.00, 5, 1, '2022-03-28 07:08:41'),
(21, 'Guiness Can', 4400.00, 40, 1, '2022-03-28 07:09:07'),
(22, 'Monster', 8500.00, 1, 1, '2022-03-28 07:09:24'),
(23, 'Fanta can', 2800.00, 1, 1, '2022-03-28 07:09:49'),
(24, 'Scweppes Can', 3500.00, 7, 1, '2022-03-28 07:10:09'),
(25, 'Smoov', 950.00, -2, 1, '2022-03-28 07:10:24'),
(26, 'OJONS water', 750.00, 10, 1, '2022-03-28 07:22:43'),
(27, 'Eva water', 900.00, 9, 1, '2022-03-28 07:25:38'),
(28, 'Amstel & Maltina Can (half)', 2150.00, 627, 1, '2022-03-28 10:23:44');

-- --------------------------------------------------------

--
-- Table structure for table `product_records`
--

CREATE TABLE `product_records` (
  `id` int(11) NOT NULL,
  `product_id` int(11) NOT NULL,
  `qty` int(11) NOT NULL,
  `price` double(10,2) NOT NULL,
  `date_time` varchar(500) NOT NULL
) ENGINE=InnoDB DEFAULT CHARSET=utf8mb4;

--
-- Dumping data for table `product_records`
--

INSERT INTO `product_records` (`id`, `product_id`, `qty`, `price`, `date_time`) VALUES
(31, 6, 170, 1700.00, '2022-03-14'),
(32, 7, 150, 1200.00, '2022-03-14'),
(33, 27, 30, 900.00, '2022-03-14'),
(34, 18, 12, 2110.00, '2022-03-14'),
(35, 15, 50, 700.00, '2022-03-14'),
(36, 12, 10, 1200.00, '2022-03-15'),
(37, 7, 65, 1200.00, '2022-03-15'),
(38, 9, 20, 1200.00, '2022-03-19'),
(39, 9, 50, 1200.00, '2022-03-23'),
(40, 15, 70, 750.00, '2022-03-21'),
(41, 15, 100, 750.00, '2022-03-24'),
(42, 6, 50, 1700.00, '2022-03-24'),
(43, 12, 50, 1200.00, '2022-03-24'),
(44, 7, 100, 1200.00, '2022-03-24'),
(45, 11, 100, 1850.00, '2022-03-24'),
(46, 26, 20, 750.00, '2022-03-24');

-- --------------------------------------------------------

--
-- Table structure for table `sales`
--

CREATE TABLE `sales` (
  `id` int(11) NOT NULL,
  `product_id` int(11) NOT NULL,
  `qty` int(11) NOT NULL,
  `price` double(10,2) NOT NULL,
  `sold_at` int(11) NOT NULL,
  `date_sold` varchar(250) NOT NULL
) ENGINE=InnoDB DEFAULT CHARSET=utf8mb4;

--
-- Dumping data for table `sales`
--

INSERT INTO `sales` (`id`, `product_id`, `qty`, `price`, `sold_at`, `date_sold`) VALUES
(9, 5, 24, 1285.00, 1400, '2022-03-01'),
(10, 6, 10, 1700.00, 1750, '2022-03-01'),
(11, 7, 6, 1200.00, 1250, '2022-03-01'),
(12, 8, 4, 1100.00, 1200, '2022-03-01'),
(13, 11, 4, 1850.00, 2100, '2022-03-01'),
(14, 9, 6, 1200.00, 1300, '2022-03-01'),
(15, 15, 11, 750.00, 800, '2022-03-01'),
(16, 13, 2, 4300.00, 4600, '2022-03-01'),
(17, 14, 2, 1900.00, 2000, '2022-03-01'),
(18, 12, 2, 1200.00, 1300, '2022-03-01'),
(19, 17, 2, 4300.00, 4500, '2022-03-01'),
(20, 25, 3, 950.00, 1100, '2022-03-01'),
(21, 5, 64, 1285.00, 1400, '2022-03-02'),
(22, 6, 4, 1700.00, 1750, '2022-03-02'),
(23, 7, 13, 1200.00, 1250, '2022-03-02'),
(24, 8, 12, 1100.00, 1200, '2022-03-02'),
(25, 11, 4, 1850.00, 2100, '2022-03-02'),
(26, 10, 1, 1900.00, 2000, '2022-03-02'),
(27, 9, 6, 1200.00, 1300, '2022-03-02'),
(28, 15, 11, 750.00, 800, '2022-03-02'),
(29, 13, 4, 4300.00, 4600, '2022-03-02'),
(30, 18, 1, 2110.00, 2300, '2022-03-02'),
(31, 19, 2, 1600.00, 1900, '2022-03-02'),
(32, 5, 7, 1285.00, 1400, '2022-03-03'),
(33, 6, 3, 1700.00, 1750, '2022-03-03'),
(34, 7, 1, 1200.00, 1250, '2022-03-03'),
(35, 8, 3, 1100.00, 1200, '2022-03-03'),
(36, 9, 2, 1200.00, 1300, '2022-03-03'),
(37, 15, 52, 750.00, 800, '2022-03-03'),
(38, 18, 1, 2110.00, 2300, '2022-03-03'),
(39, 12, 1, 1200.00, 1300, '2022-03-03'),
(40, 5, 37, 1285.00, 1400, '2022-03-04'),
(41, 6, 14, 1700.00, 1750, '2022-03-04'),
(42, 7, 18, 1200.00, 1250, '2022-03-04'),
(43, 8, 8, 1100.00, 1200, '2022-03-04'),
(44, 11, 6, 1850.00, 2100, '2022-03-04'),
(45, 10, 2, 1900.00, 2000, '2022-03-04'),
(46, 9, 6, 1200.00, 1300, '2022-03-04'),
(47, 15, 16, 750.00, 800, '2022-03-04'),
(48, 13, 4, 4300.00, 4600, '2022-03-04'),
(49, 14, 1, 1900.00, 2000, '2022-03-04'),
(50, 18, 1, 2110.00, 2300, '2022-03-04'),
(51, 19, 3, 1600.00, 1900, '2022-03-04'),
(52, 21, 1, 4400.00, 4600, '2022-03-04'),
(53, 25, 2, 950.00, 1100, '2022-03-04'),
(54, 5, 29, 1285.00, 1400, '2022-03-05'),
(55, 6, 12, 1700.00, 1750, '2022-03-05'),
(56, 7, 15, 1200.00, 1250, '2022-03-05'),
(57, 8, 6, 1100.00, 1200, '2022-03-05'),
(58, 11, 3, 1850.00, 2100, '2022-03-05'),
(59, 10, 3, 1900.00, 2000, '2022-03-05'),
(60, 9, 2, 1200.00, 1300, '2022-03-05'),
(61, 15, 28, 750.00, 800, '2022-03-05'),
(62, 13, 3, 4300.00, 4600, '2022-03-05'),
(63, 14, 1, 1900.00, 2000, '2022-03-05'),
(64, 19, 2, 1600.00, 1900, '2022-03-05'),
(65, 12, 2, 1200.00, 1300, '2022-03-05'),
(66, 23, 1, 2800.00, 3200, '2022-03-05'),
(67, 21, 1, 4400.00, 4600, '2022-03-05'),
(68, 25, 2, 950.00, 1100, '2022-03-05'),
(69, 5, 32, 1285.00, 1400, '2022-03-07'),
(70, 6, 5, 1700.00, 1750, '2022-03-07'),
(71, 7, 15, 1200.00, 1250, '2022-03-07'),
(72, 8, 7, 1100.00, 1200, '2022-03-07'),
(73, 9, 2, 1200.00, 1300, '2022-03-07'),
(74, 15, 15, 750.00, 800, '2022-03-07'),
(75, 12, 2, 1200.00, 1300, '2022-03-07'),
(76, 20, 1, 2550.00, 2800, '2022-03-07'),
(77, 25, 3, 950.00, 1100, '2022-03-07'),
(78, 5, 38, 1285.00, 1400, '2022-03-08'),
(79, 6, 7, 1700.00, 1750, '2022-03-08'),
(80, 7, 8, 1200.00, 1250, '2022-03-08'),
(81, 8, 15, 1100.00, 1200, '2022-03-08'),
(82, 11, 8, 1850.00, 2100, '2022-03-08'),
(83, 10, 1, 1900.00, 2000, '2022-03-08'),
(84, 9, 6, 1200.00, 1300, '2022-03-08'),
(85, 15, 27, 750.00, 800, '2022-03-08'),
(86, 13, 3, 4300.00, 4600, '2022-03-08'),
(87, 14, 1, 1900.00, 2000, '2022-03-08'),
(88, 20, 1, 2550.00, 2800, '2022-03-08'),
(89, 21, 1, 4400.00, 4600, '2022-03-08'),
(90, 25, 2, 950.00, 1100, '2022-03-08'),
(91, 5, 29, 1285.00, 1400, '2022-03-09'),
(92, 6, 18, 1700.00, 1750, '2022-03-09'),
(93, 7, 9, 1200.00, 1250, '2022-03-09'),
(94, 8, 9, 1100.00, 1200, '2022-03-09'),
(95, 11, 5, 1850.00, 2100, '2022-03-09'),
(96, 10, 3, 1900.00, 2000, '2022-03-09'),
(97, 9, 5, 1200.00, 1300, '2022-03-09'),
(98, 15, 2, 750.00, 800, '2022-03-09'),
(99, 13, 4, 4300.00, 4600, '2022-03-09'),
(100, 19, 2, 1600.00, 1900, '2022-03-09'),
(101, 12, 1, 1200.00, 1300, '2022-03-09'),
(102, 25, 2, 950.00, 1100, '2022-03-09'),
(103, 5, 30, 1285.00, 1400, '2022-03-10'),
(104, 6, 10, 1700.00, 1750, '2022-03-10'),
(105, 7, 9, 1200.00, 1250, '2022-03-10'),
(106, 8, 7, 1100.00, 1200, '2022-03-10'),
(107, 11, 5, 1850.00, 2100, '2022-03-10'),
(108, 10, 3, 1900.00, 2000, '2022-03-10'),
(109, 9, 7, 1200.00, 1300, '2022-03-10'),
(110, 13, 4, 4300.00, 4600, '2022-03-10'),
(111, 14, 1, 1900.00, 2000, '2022-03-10'),
(112, 18, 3, 2110.00, 2300, '2022-03-10'),
(113, 19, 2, 1600.00, 1900, '2022-03-10'),
(114, 12, 1, 1200.00, 1300, '2022-03-10'),
(115, 23, 1, 2800.00, 3200, '2022-03-10'),
(116, 25, 4, 950.00, 1100, '2022-03-10'),
(117, 5, 29, 1285.00, 1400, '2022-03-11'),
(118, 6, 12, 1700.00, 1750, '2022-03-11'),
(119, 7, 28, 1200.00, 1250, '2022-03-11'),
(120, 8, 9, 1100.00, 1200, '2022-03-11'),
(121, 11, 1, 1850.00, 2100, '2022-03-11'),
(122, 10, 2, 1900.00, 2000, '2022-03-11'),
(123, 9, 10, 1200.00, 1300, '2022-03-11'),
(124, 13, 6, 4300.00, 4600, '2022-03-11'),
(125, 14, 1, 1900.00, 2000, '2022-03-11'),
(126, 12, 1, 1200.00, 1300, '2022-03-11'),
(127, 25, 5, 950.00, 1100, '2022-03-11'),
(128, 5, 28, 1285.00, 1400, '2022-03-12'),
(129, 6, 11, 1700.00, 1750, '2022-03-12'),
(130, 7, 19, 1200.00, 1250, '2022-03-12'),
(131, 8, 5, 1100.00, 1200, '2022-03-12'),
(132, 11, 4, 1850.00, 2100, '2022-03-12'),
(133, 10, 1, 1900.00, 2000, '2022-03-12'),
(134, 9, 5, 1200.00, 1300, '2022-03-12'),
(135, 16, 2, 1100.00, 1100, '2022-03-12'),
(136, 13, 4, 4300.00, 4600, '2022-03-12'),
(137, 18, 2, 2110.00, 2300, '2022-03-12'),
(138, 19, 1, 1600.00, 1900, '2022-03-12'),
(139, 12, 2, 1200.00, 1300, '2022-03-12'),
(140, 25, 3, 950.00, 1100, '2022-03-12'),
(141, 5, 33, 1285.00, 1400, '2022-03-14'),
(142, 6, 13, 1700.00, 1750, '2022-03-14'),
(143, 7, 2, 1200.00, 1250, '2022-03-14'),
(144, 8, 7, 1100.00, 1200, '2022-03-14'),
(145, 11, 2, 1850.00, 2100, '2022-03-14'),
(146, 10, 2, 1900.00, 2000, '2022-03-14'),
(147, 9, 5, 1200.00, 1300, '2022-03-14'),
(148, 16, 2, 1100.00, 1100, '2022-03-14'),
(149, 13, 5, 4300.00, 4600, '2022-03-14'),
(150, 18, 1, 2110.00, 2300, '2022-03-14'),
(151, 12, 4, 1200.00, 1300, '2022-03-14'),
(152, 20, 1, 2550.00, 2800, '2022-03-14'),
(153, 25, 2, 950.00, 1100, '2022-03-14'),
(154, 5, 20, 1285.00, 1400, '2022-03-15'),
(155, 6, 10, 1700.00, 1750, '2022-03-15'),
(156, 7, 13, 1200.00, 1250, '2022-03-15'),
(157, 8, 8, 1100.00, 1200, '2022-03-15'),
(158, 11, 5, 1850.00, 2100, '2022-03-15'),
(159, 10, 2, 1900.00, 200, '2022-03-15'),
(160, 9, 5, 1200.00, 1300, '2022-03-15'),
(161, 15, 19, 750.00, 800, '2022-03-15'),
(162, 13, 3, 4300.00, 4600, '2022-03-15'),
(163, 18, 1, 2110.00, 2300, '2022-03-15'),
(164, 19, 2, 1600.00, 1900, '2022-03-15'),
(165, 12, 2, 1200.00, 1300, '2022-03-15'),
(166, 25, 3, 950.00, 1100, '2022-03-15'),
(167, 27, 3, 900.00, 1000, '2022-03-15'),
(168, 5, 20, 1285.00, 1400, '2022-03-16'),
(169, 6, 13, 1700.00, 1750, '2022-03-16'),
(170, 7, 18, 1200.00, 1250, '2022-03-16'),
(171, 8, 4, 1100.00, 1200, '2022-03-16'),
(172, 11, 3, 1850.00, 2100, '2022-03-16'),
(173, 10, 4, 1900.00, 2000, '2022-03-16'),
(174, 9, 7, 1200.00, 1300, '2022-03-16'),
(175, 15, 24, 750.00, 800, '2022-03-16'),
(176, 16, 3, 1100.00, 1100, '2022-03-16'),
(177, 13, 3, 4300.00, 4600, '2022-03-16'),
(178, 14, 2, 1900.00, 2000, '2022-03-16'),
(179, 18, 1, 2110.00, 2300, '2022-03-16'),
(180, 19, 2, 1600.00, 1900, '2022-03-16'),
(181, 12, 2, 1200.00, 1300, '2022-03-16'),
(182, 25, 3, 950.00, 1100, '2022-03-16'),
(183, 27, 2, 900.00, 1000, '2022-03-16'),
(184, 21, 1, 4400.00, 2300, '2022-03-16'),
(185, 5, 16, 1285.00, 1400, '2022-03-17'),
(186, 6, 3, 1700.00, 1750, '2022-03-17'),
(187, 7, 6, 1200.00, 1250, '2022-03-17'),
(188, 8, 5, 1100.00, 1200, '2022-03-17'),
(189, 9, 2, 1200.00, 1300, '2022-03-17'),
(190, 16, 2, 1100.00, 1100, '2022-03-17'),
(191, 13, 4, 4300.00, 4600, '2022-03-17'),
(192, 19, 1, 1600.00, 1900, '2022-03-17'),
(193, 25, 1, 950.00, 1100, '2022-03-17'),
(194, 27, 3, 900.00, 1000, '2022-03-17'),
(195, 5, 35, 1285.00, 1400, '2022-03-18'),
(196, 6, 9, 1700.00, 1750, '2022-03-18'),
(197, 7, 13, 1200.00, 1250, '2022-03-18'),
(198, 8, 5, 1100.00, 1200, '2022-03-18'),
(199, 11, 4, 1850.00, 2100, '2022-03-18'),
(200, 10, 1, 1900.00, 200, '2022-03-18'),
(201, 9, 7, 1200.00, 1300, '2022-03-18'),
(202, 16, 3, 1100.00, 1100, '2022-03-18'),
(203, 13, 5, 4300.00, 4600, '2022-03-18'),
(204, 18, 1, 2110.00, 2300, '2022-03-18'),
(205, 19, 2, 1600.00, 200, '2022-03-18'),
(206, 12, 3, 1200.00, 1300, '2022-03-18'),
(207, 25, 5, 950.00, 1100, '2022-03-18'),
(208, 5, 62, 1285.00, 1400, '2022-03-19'),
(209, 6, 8, 1700.00, 1750, '2022-03-19'),
(210, 7, 13, 1200.00, 1250, '2022-03-19'),
(211, 8, 10, 1100.00, 1200, '2022-03-19'),
(212, 11, 5, 1850.00, 2100, '2022-03-19'),
(213, 10, 2, 1900.00, 2000, '2022-03-19'),
(214, 9, 10, 1200.00, 1300, '2022-03-19'),
(215, 16, 2, 1100.00, 1100, '2022-03-19'),
(216, 13, 3, 4300.00, 4600, '2022-03-19'),
(217, 12, 1, 1200.00, 1300, '2022-03-19'),
(218, 25, 4, 950.00, 1100, '2022-03-19'),
(219, 27, 4, 900.00, 1000, '2022-03-19'),
(220, 5, 25, 1285.00, 1400, '2022-03-21'),
(221, 6, 13, 1700.00, 1750, '2022-03-21'),
(222, 7, 10, 1200.00, 1250, '2022-03-21'),
(223, 8, 10, 1100.00, 1200, '2022-03-21'),
(224, 11, 6, 1850.00, 2100, '2022-03-21'),
(225, 10, 7, 1900.00, 2000, '2022-03-21'),
(226, 9, 6, 1200.00, 1300, '2022-03-21'),
(227, 13, 5, 4300.00, 4600, '2022-03-21'),
(228, 19, 1, 1600.00, 1900, '2022-03-21'),
(229, 12, 1, 1200.00, 1300, '2022-03-21'),
(230, 25, 6, 950.00, 1100, '2022-03-21'),
(231, 27, 5, 900.00, 1000, '2022-03-21'),
(232, 5, 23, 1285.00, 1400, '2022-03-22'),
(233, 6, 7, 1700.00, 1750, '2022-03-22'),
(234, 7, 11, 1200.00, 1250, '2022-03-22'),
(235, 8, 6, 1100.00, 1200, '2022-03-22'),
(236, 11, 5, 1850.00, 2100, '2022-03-22'),
(237, 9, 8, 1200.00, 1300, '2022-03-22'),
(238, 15, 31, 750.00, 800, '2022-03-22'),
(239, 16, 2, 1100.00, 1100, '2022-03-22'),
(240, 13, 4, 4300.00, 4600, '2022-03-22'),
(241, 14, 1, 1900.00, 2000, '2022-03-22'),
(242, 18, 5, 2110.00, 2300, '2022-03-22'),
(243, 19, 1, 1600.00, 1900, '2022-03-22'),
(244, 12, 3, 1200.00, 1300, '2022-03-22'),
(245, 25, 1, 950.00, 1100, '2022-03-22'),
(246, 26, 4, 750.00, 800, '2022-03-22'),
(247, 5, 15, 1285.00, 1400, '2022-03-23'),
(248, 6, 5, 1700.00, 1750, '2022-03-23'),
(249, 7, 11, 1200.00, 1250, '2022-03-23'),
(250, 8, 5, 1100.00, 1200, '2022-03-23'),
(251, 11, 10, 1850.00, 2100, '2022-03-23'),
(252, 10, 1, 1900.00, 2000, '2022-03-23'),
(253, 9, 6, 1200.00, 1300, '2022-03-23'),
(254, 15, 34, 750.00, 800, '2022-03-23'),
(255, 19, 1, 1600.00, 1900, '2022-03-23'),
(256, 25, 2, 950.00, 1100, '2022-03-23'),
(257, 27, 1, 900.00, 1000, '2022-03-23'),
(258, 26, 4, 750.00, 800, '2022-03-23'),
(259, 5, 29, 1285.00, 1400, '2022-03-24'),
(260, 6, 5, 1700.00, 1750, '2022-03-24'),
(261, 7, 3, 1200.00, 1250, '2022-03-24'),
(262, 8, 9, 1100.00, 1200, '2022-03-24'),
(263, 11, 5, 1850.00, 2100, '2022-03-24'),
(264, 10, 1, 1900.00, 2000, '2022-03-24'),
(265, 9, 3, 1200.00, 1300, '2022-03-24'),
(266, 14, 3, 1900.00, 2000, '2022-03-24'),
(267, 19, 1, 1600.00, 1900, '2022-03-24'),
(268, 25, 8, 950.00, 1100, '2022-03-24'),
(269, 27, 3, 900.00, 1000, '2022-03-24'),
(270, 26, 2, 750.00, 800, '2022-03-24'),
(271, 21, 1, 4400.00, 4500, '2022-03-24'),
(272, 28, 1, 2300.00, 2300, '2022-03-24');

-- --------------------------------------------------------

--
-- Table structure for table `users`
--

CREATE TABLE `users` (
  `id` int(11) NOT NULL,
  `email` varchar(250) NOT NULL,
  `password` varchar(500) NOT NULL,
  `role` int(11) NOT NULL
) ENGINE=InnoDB DEFAULT CHARSET=utf8mb4;

--
-- Dumping data for table `users`
--

INSERT INTO `users` (`id`, `email`, `password`, `role`) VALUES
(1, 'admin@wizdavel.com', '$2y$10$czUMbr20x0x3hvWc3qO35uLQWT7dL9xYizY/3DSp7nygItLvOCVbK', 1);

--
-- Indexes for dumped tables
--

--
-- Indexes for table `products`
--
ALTER TABLE `products`
  ADD PRIMARY KEY (`id`);

--
-- Indexes for table `product_records`
--
ALTER TABLE `product_records`
  ADD PRIMARY KEY (`id`);

--
-- Indexes for table `sales`
--
ALTER TABLE `sales`
  ADD PRIMARY KEY (`id`);

--
-- Indexes for table `users`
--
ALTER TABLE `users`
  ADD PRIMARY KEY (`id`);

--
-- AUTO_INCREMENT for dumped tables
--

--
-- AUTO_INCREMENT for table `products`
--
ALTER TABLE `products`
  MODIFY `id` int(11) NOT NULL AUTO_INCREMENT, AUTO_INCREMENT=29;

--
-- AUTO_INCREMENT for table `product_records`
--
ALTER TABLE `product_records`
  MODIFY `id` int(11) NOT NULL AUTO_INCREMENT, AUTO_INCREMENT=47;

--
-- AUTO_INCREMENT for table `sales`
--
ALTER TABLE `sales`
  MODIFY `id` int(11) NOT NULL AUTO_INCREMENT, AUTO_INCREMENT=273;

--
-- AUTO_INCREMENT for table `users`
--
ALTER TABLE `users`
  MODIFY `id` int(11) NOT NULL AUTO_INCREMENT, AUTO_INCREMENT=2;
COMMIT;

/*!40101 SET CHARACTER_SET_CLIENT=@OLD_CHARACTER_SET_CLIENT */;
/*!40101 SET CHARACTER_SET_RESULTS=@OLD_CHARACTER_SET_RESULTS */;
/*!40101 SET COLLATION_CONNECTION=@OLD_COLLATION_CONNECTION */;
